epoch,acc,loss
0,0.0235555557534,13.2588285446
1,0.0379999997405,12.51158638
2,0.0419999998994,12.3583447138
3,0.0428888893065,12.3417813619
4,0.0364444452959,12.2929162979
5,0.0351111112162,12.264924113
6,0.0488888893276,12.2551390966
7,0.0491111115863,12.2337888082
8,0.0537777781487,12.2236103058
9,0.0517777783175,12.1923695882
10,0.0437777777513,13.1848286311
11,0.0317777779574,14.3525963465
12,0.0282222220674,12.7263982137
13,0.0457777785448,12.4240413666
14,0.0406666667511,12.3512413025
15,0.048222222055,12.4061964671
16,0.038222222651,12.3125788371
17,0.0473333342622,12.4125846863
18,0.036222222199,12.3126047134
19,0.0286666668641,12.9946212133
20,0.0448888892308,12.7326364517
21,0.048666667069,12.3374270757
22,0.049111112083,12.3072629929
23,0.0486666665723,12.2831550598
24,0.0491111115863,12.2553068161
25,0.0495555556069,12.2684598923
26,0.048666667069,12.255223465
27,0.0493333335966,12.245827802
28,0.0493333330999,12.2477455775
29,0.0502222221345,12.2812494278
30,0.0420000005203,12.2429926554
31,0.0493333335966,12.2464175542
32,0.0497777778655,12.239216423
33,0.0495555557311,12.220239385
34,0.0488888893276,12.2274492264
35,0.0484444446862,12.2198671977
36,0.0493333329757,12.2285154978
37,0.0484444446862,12.2214817047
38,0.0493333338449,12.2141079585
39,0.0484444450587,12.2278444926
40,0.0493333339691,12.201785024
41,0.0488888897002,12.202781868
42,0.048666667069,12.2036930084
43,0.0488888892035,12.2040143967
44,0.0399999997268,12.2048422496
45,0.0493333335966,12.1892321905
46,0.0464444450413,12.1987330755
47,0.0464444444204,12.1764567693
48,0.0495555557311,12.1603127797
49,0.0491111109654,12.1644533793
50,0.0497777778655,12.160254542
51,0.0486666669448,12.1667367935
52,0.0493333334724,12.1575838725
53,0.0422222221891,12.1548822403
54,0.0428888885925,12.1557561239
55,0.0495555558552,12.1336492538
56,0.0448888882995,12.1191886266
57,0.0471111118793,12.1236660004
58,0.0497777778655,12.1121482849
59,0.0502222223828,12.1335549672
60,0.0419999995579,12.1025859197
61,0.0446666672826,12.1235045751
62,0.0513333335519,12.1134263992
63,0.0482222224275,12.0926654816
64,0.0362222229441,12.1629230499
65,0.0480000000447,12.0831559499
66,0.0422222224375,12.0847494761
67,0.0499999998758,12.0678834279
68,0.0448888890445,12.0723928452
69,0.0426666672031,12.0831967036
70,0.0455555564413,12.0788342794
71,0.038000000144,12.0759945552
72,0.0482222226759,12.0643128713
73,0.0511111112311,12.0639613469
74,0.0495555561657,12.0391417185
75,0.0511111116658,12.0579702377
76,0.0466666665549,12.0364596049
77,0.0446666667859,12.0447171529
78,0.0522222226486,12.0533831278
79,0.050666666838,12.0240650813
80,0.0528888893003,12.0089823405
81,0.0546666675558,12.0240909576
82,0.0502222216999,12.0096483866
83,0.0528888896108,12.0040815989
84,0.044666666848,12.0001387278
85,0.0437777778755,12.0272727966
86,0.0537777780245,12.0107830683
87,0.0448888891066,12.0253686905
88,0.0526666671659,11.9824074427
89,0.0500000000931,11.9842507044
90,0.0522222221829,11.9995842616
91,0.0519999995828,11.998925972
92,0.0528888888036,11.9790429433
93,0.0524444450624,11.9809771856
94,0.0511111109207,11.9816589991
95,0.0535555550829,11.9524305979
96,0.0540000002831,11.9491549174
97,0.0548888886968,11.940666453
98,0.0491111114621,11.9379099528
99,0.0528888896108,11.9180557887
100,0.0542222222934,11.9209601084
101,0.0542222228522,11.9209782918
102,0.0491111110585,11.9275996526
103,0.052000000452,11.9174314499
104,0.0533333330105,11.9140281677
105,0.0504444446415,11.8869240443
106,0.0502222228795,11.9147813161
107,0.0488888888309,11.901293691
108,0.0560000006109,11.8837746938
109,0.0546666666865,11.8721312205
110,0.0559999994934,11.8779216766
111,0.0544444444279,11.8772525787
112,0.0575555558006,11.8659864426
113,0.0520000001416,11.854242452
114,0.0524444444726,11.8647869746
115,0.0528888897349,11.8579254786
116,0.0546666666865,11.8482739131
117,0.0551111108313,11.8451822917
118,0.0524444447209,11.8350236893
119,0.0557777786007,11.8191603343
120,0.0562222220004,11.850484403
121,0.0546666672453,11.8588632584
122,0.0564444450041,11.8104159037
123,0.0571111116558,11.8064901352
124,0.0580000001937,11.7978880564
125,0.0540000000348,11.7763367335
126,0.0524444453418,11.8003938039
127,0.0515555561831,11.8161566416
128,0.0546666669349,11.8220890045
129,0.0568888889005,11.7930587133
130,0.0559999999901,11.7685585022
131,0.0546666675558,11.7663022995
132,0.0562222221245,11.7558317184
133,0.0591111113628,11.7482913971
134,0.0560000007351,11.7391964595
135,0.0580000005662,11.7348082225
136,0.0544444449246,11.7451975505
137,0.0584444452077,11.8110335032
138,0.0582222218315,11.7705293655
139,0.0566666667039,11.7365713755
140,0.0584444443385,11.7112218221
141,0.0551111123214,11.7358409246
142,0.056222221752,11.7257371267
143,0.0559999993692,11.7436875025
144,0.0551111115764,11.8098478953
145,0.0344444443782,12.6394259135
146,0.053333333352,12.4493665695
147,0.0464444448551,12.3366996129
148,0.0475555562414,12.26136748
149,0.0462222223481,12.2897546768
150,0.0488888892035,12.2297798793
151,0.0491111117105,12.2289795558
152,0.0491111117105,12.1820962906
153,0.0484444441895,12.1571001689
154,0.0484444443136,12.1361633301
155,0.0497777777414,12.1097921371
156,0.05,12.0971099218
157,0.0508888889104,12.0861290614
158,0.0513333333035,12.0538840612
159,0.0506666663413,12.0440589905
160,0.0504444446415,12.0367157618
161,0.0500000007451,12.017945989
162,0.0464444439548,12.0392902374
163,0.0502222227554,12.0644357045
164,0.0500000001242,12.0288605372
165,0.0513333345453,11.983021609
166,0.0526666669796,11.9711514155
167,0.0495555563519,11.9885015488
168,0.0506666669001,11.9447046916
169,0.0524444447209,11.9574830373
170,0.0482222224275,11.9139403025
171,0.0508888890346,11.9342440287
172,0.0519999994586,11.9596156438
173,0.0542222222934,11.905452919
174,0.0562222223729,11.8945034027
175,0.0520000000795,11.8813465754
176,0.0531111114969,11.8821124395
177,0.0551111112038,11.8842237473
178,0.0566666660209,11.8579146067
179,0.0568888887763,11.863621521
180,0.0553333333383,11.8788690567
181,0.0484444449345,11.8691640218
182,0.0542222224176,11.8507392883
183,0.0555555553486,11.8431606929
184,0.0544444451729,11.8634131749
185,0.0524444447209,11.8314239502
186,0.0437777774408,12.0938495
187,0.0451111111169,12.1423400243
188,0.0531111109381,12.0216998418
189,0.0488888889551,11.9848018646
190,0.0526666668554,11.9474431992
191,0.0546666668107,11.9512837092
192,0.0540000007798,11.9473340352
193,0.053777778397,11.9363515854
194,0.0493333339691,11.9329315186
195,0.0537777785212,11.9240441004
196,0.0539999992897,11.9387500763
197,0.0557777778556,11.9384579976
198,0.0555555564662,11.9062684377
199,0.0571111114075,11.896453476
200,0.0537777776519,11.9172302882
201,0.0528888896108,11.8980429967
202,0.0553333339592,11.8952607473
203,0.0571111114075,11.8788618088
204,0.0548888889452,11.8799787521
205,0.0517777784417,11.8857273738
206,0.0553333342075,11.8778625488
207,0.0540000000348,11.8709195455
208,0.0546666664382,11.8597943624
209,0.0564444445074,11.8667495728
210,0.0533333335072,11.8625209173
211,0.0559999997417,11.8472202301
212,0.0553333332141,11.8578966777
213,0.0557777778556,11.8399565379
214,0.0548888886968,11.8311060588
215,0.0544444451729,11.8154388428
216,0.0557777787248,11.8663040161
217,0.0557777781039,11.8158626556
218,0.0562222221245,11.8491743088
219,0.0451111113032,11.8268408457
220,0.0528888894866,11.8119679133
221,0.0557777781039,11.787178421
222,0.0544444448004,11.7724404653
223,0.0528888892382,11.7705814362
224,0.0537777785212,11.7708838781
225,0.0531111114969,11.7940139771
226,0.0506666676452,11.7894566218
227,0.0522222218414,11.8117066065
228,0.0557777777314,11.7881599426
229,0.0555555560937,11.7885613124
230,0.0553333334625,11.7912141164
231,0.0564444448799,11.7968769709
232,0.0588888894767,11.7676947276
233,0.0548888899386,11.7389374415
234,0.0537777779003,11.7374539693
235,0.0528888899833,11.7477479935
236,0.0600000006457,11.6899496078
237,0.056222222435,11.6992642085
238,0.0508888884137,11.7236155192
239,0.05355555589,11.6930066427
240,0.0582222223282,11.6749371211
241,0.0571111114075,11.6691445033
242,0.0591111108661,11.6267511368
243,0.0577777779351,11.6571792603
244,0.0555555562178,11.6915893555
245,0.0568888890247,11.6699448268
246,0.0613333334525,11.6156921387
247,0.0679999994735,11.5283140818
248,0.0579999999454,11.5987242381
249,0.0680000002186,11.5149147669
250,0.0560000006109,11.6835135142
251,0.0635555562874,11.5663039525
252,0.0557777784765,11.5165699641
253,0.0602222225318,11.4414468129
254,0.0682222217321,11.4146417618
255,0.063555555294,11.4311279933
256,0.062000000601,11.4192820867
257,0.0657777776321,11.4622744242
258,0.0617777777215,11.4879667918
259,0.0577777785559,11.6232386907
260,0.0617777782182,11.4504383723
261,0.0697777787844,11.3284967422
262,0.0660000001391,11.3808410645
263,0.0595555557559,11.3831034978
264,0.0657777783771,11.3018619537
265,0.0711111108462,11.2585291545
266,0.074888890485,11.2393909454
267,0.0728888891637,11.2298616409
268,0.0755555555224,11.228796641
269,0.0646666675806,11.2697633108
270,0.0622222229838,11.3590114594
271,0.075111111626,11.2158631643
272,0.0773333333433,11.1667959213
273,0.0702222223083,11.2162187576
274,0.0713333333532,11.28036321
275,0.0751111122469,11.2764121373
276,0.0711111110946,11.2130236944
277,0.0731111114224,11.1727989833
278,0.0755555560191,11.1802702586
279,0.0740000002086,11.1660107931
280,0.0719999996324,11.1628358205
281,0.0782222216328,11.1654441833
282,0.0704444448153,11.2011472066
283,0.07555555664,11.222081248
284,0.0842222218712,11.1167527517
285,0.0806666662296,11.1378561656
286,0.0742222223431,11.2144074122
287,0.0697777792811,11.2661668142
288,0.0782222223779,11.1200105031
289,0.0735555569331,11.1552269618
290,0.0726666666567,11.2232627233
291,0.0811111119886,11.078363355
292,0.0886666665475,10.9862622579
293,0.0828888893127,11.006756719
294,0.0804444452127,11.118115743
295,0.0788888898989,11.0904980342
296,0.0851111100366,11.0291901271
297,0.0773333340883,11.1284296036
298,0.075999999543,11.1372409821
299,0.0815555562576,11.0396817525
300,0.0848888896406,10.994974645
301,0.0864444452027,10.9870079041
302,0.0788888891538,11.1034788132
303,0.0748888899883,11.0173634847
304,0.0948888892929,10.9346595764
305,0.0882222222785,10.9749053955
306,0.0853333339095,10.9223215739
307,0.0908888893823,10.9003236135
308,0.0891111108164,10.8618385951
309,0.0900000010928,10.8298664093
310,0.0853333341579,10.9122562408
311,0.084000000606,10.9889746348
312,0.0928888909519,10.8574033737
313,0.090000000596,10.9322592417
314,0.083777778844,11.0037651698
315,0.0815555552642,11.0016141891
316,0.091111112386,10.9044037501
317,0.0953333343069,10.768074735
318,0.0964444447309,10.7402030309
319,0.0893333335718,10.8076699575
320,0.094000000755,10.7781904856
321,0.0913333334029,10.7159588496
322,0.093333333234,10.8418753942
323,0.0924444448203,10.7583571116
324,0.0875555557509,10.8779581706
325,0.0999999995033,10.8310864131
326,0.0895555558304,10.9156380335
327,0.0946666667859,10.7656918208
328,0.103111111124,10.6289933523
329,0.0937777789931,10.7191045761
330,0.0988888887068,10.7965435028
331,0.097333334138,10.6224179586
332,0.0997777787348,10.594201978
333,0.104222222169,10.5066610972
334,0.104222223411,10.5668919245
335,0.109555554142,10.5380463918
336,0.0995555559794,10.7775861104
337,0.103333334376,10.5827586492
338,0.100666667273,10.646851031
339,0.10111111179,10.6871465047
340,0.105333334208,10.6643719355
341,0.107777777563,10.5037504832
342,0.102222222835,10.5443925222
343,0.102444445342,10.6672753016
344,0.101333333304,10.7794728597
345,0.101333334297,10.7477562586
346,0.0904444461068,10.8623685201
347,0.105111110707,10.6660131454
348,0.100666666776,10.6269898733
349,0.112444444497,10.4544674555
350,0.110222222904,10.3636264801
351,0.115555555622,10.4729552587
352,0.0955555563172,10.7149024963
353,0.0935555554926,10.7549193064
354,0.103777776659,10.6621153514
355,0.104444444428,10.6194711049
356,0.103777776907,10.5201979955
357,0.110444446156,10.4748055776
358,0.114666667332,10.4505927404
359,0.10200000157,10.5702669779
360,0.0984444456796,10.6363298416
361,0.103555555642,10.7411730448
362,0.110222222904,10.541783905
363,0.109111109873,10.4297985077
364,0.11333333378,10.3426273982
365,0.105333334704,10.4337686539
366,0.109777776649,10.3568588893
367,0.10844444409,10.5618715286
368,0.109777777642,10.3700335185
369,0.0986666681866,10.6421572367
370,0.110222222656,10.5078585307
371,0.102222223083,10.4283661524
372,0.112000000477,10.4739423752
373,0.107555555801,10.3409435908
374,0.111555555711,10.3022911708
375,0.11444444557,10.3623039246
376,0.123333333681,10.1407595317
377,0.118666666746,10.2185748418
378,0.120666667074,10.3326888402
379,0.116888887684,10.2385068258
380,0.128666666398,10.1471569697
381,0.110666666428,10.3471984863
382,0.11666666617,10.2668656667
383,0.109777777642,10.4400524139
384,0.101333333552,10.6011611938
385,0.119333332529,10.1786572138
386,0.120888888091,10.1963022232
387,0.116222222894,10.2553655624
388,0.109777777394,10.3635924021
389,0.114000001053,10.2800957998
390,0.123555555443,10.2115922292
391,0.116444443663,10.2650011063
392,0.10844444558,10.4558602651
393,0.108666666349,10.4377606074
394,0.110666667422,10.2718327204
395,0.113333334277,10.3031494776
396,0.100888889531,10.6487638474
397,0.0819999997814,11.3788873037
398,0.0897777783374,10.7629402161
399,0.10688888977,10.505893898
400,0.119555556277,10.2968091329
401,0.118444445729,10.1914159775
402,0.122666667153,10.3223531087
403,0.120000000546,10.1573195775
404,0.13088888973,10.0258666992
405,0.129777779182,10.0570278168
406,0.11577777788,10.3978155772
407,0.11155555596,10.5750790278
408,0.0995555562278,10.4984843572
409,0.106666667263,10.4837188721
410,0.121999999384,10.2820369085
411,0.117777778705,10.3000534693
412,0.129111113648,9.97089996338
413,0.13577777793,9.99974988302
414,0.132888888319,10.0467667262
415,0.130666668961,10.1039016088
416,0.121333332856,10.1351965586
417,0.116888889174,10.2360218048
418,0.12222222363,10.1812566757
419,0.106888890391,10.4701764425
420,0.11288888976,10.3114110311
421,0.120666665335,10.1667916616
422,0.126000001281,10.0730802536
423,0.127555555105,10.107438151
424,0.118222222229,10.110381635
425,0.130444444219,9.9844575882
426,0.093111110727,11.2293526967
427,0.0977777779102,10.7750250498
428,0.109555556873,10.4249687831
429,0.116666666667,10.2993778229
430,0.127333332102,10.1946751277
431,0.116666666667,10.3741933187
432,0.122444444398,10.037574323
433,0.129555554688,10.0177282969
434,0.114444445322,10.2747166951
435,0.12599999855,10.1203020096
436,0.125333333512,10.1376057943
437,0.129111110667,9.93672618866
438,0.135777777433,9.89197603861
439,0.132666667302,9.90199305216
440,0.141777777672,9.74650166829
441,0.139111109575,9.78352559408
442,0.126222223043,9.95141944885
443,0.143333333234,9.7833205541
444,0.125555555522,9.96985149384
445,0.126444445054,9.98156178792
446,0.138444445282,9.84462896983
447,0.138222222527,9.91297531128
448,0.132666665316,9.83861796061
449,0.119333332777,10.0098424911
450,0.137555555006,9.78072592417
451,0.139555554589,9.80928109487
452,0.139999999851,9.76690603892
453,0.13488888815,9.80865828196
454,0.128222222626,9.96295954386
455,0.135333332419,9.84814097087
456,0.138444445034,9.80785528819
457,0.142000001669,9.77781950633
458,0.130666668092,10.0676391602
459,0.114666667332,10.2380092621
460,0.129555555681,9.87775847117
461,0.136222223441,9.87427399953
462,0.13222222204,10.0462470373
463,0.130444445709,9.87508093516
464,0.1475555559,9.66622250875
465,0.147333334138,9.70181770325
466,0.137777776768,9.82940018972
467,0.117777777712,9.93559672038
468,0.125999999791,9.89991823832
469,0.137333332996,9.72536519368
470,0.140666665882,9.65152041117
471,0.135333332916,9.86132488251
472,0.138888886571,9.74798971812
473,0.11888888826,10.2161380768
474,0.141555557152,9.72808787028
475,0.159555554887,9.45575930278
476,0.14866666769,9.49717235565
477,0.147111112376,9.59396769206
478,0.147333334386,9.8287653923
479,0.131999999036,9.86738268534
480,0.140888889134,9.68811422984
481,0.134666667382,9.72616380056
482,0.147333333145,9.60856024424
483,0.149111109475,9.49658432007
484,0.148444443941,9.70508429209
485,0.143111112465,9.75104490916
486,0.139777777841,9.82491607666
487,0.116000000636,10.2059247971
488,0.132888888319,9.80754019419
489,0.138000001013,9.76772867839
490,0.141777778665,9.8068022728
491,0.14977777799,9.60427722931
492,0.14311111172,9.65794776281
493,0.150666668514,9.56939468384
494,0.146444445352,9.65160490672
495,0.147777779152,9.55197118123
496,0.155333332717,9.50482966105
497,0.168222222726,9.39476588567
498,0.149333332976,9.55096203486
499,0.163111110032,9.42222712835
500,0.165555555622,9.42310180664
501,0.154444444676,9.63880055745
502,0.131555555264,9.9574944814
503,0.116222222274,10.2827525139
504,0.128222221881,10.0009593964
505,0.150888890276,9.61628653208
506,0.158666667839,9.48975868225
507,0.157333334287,9.4070476532
508,0.152222221593,9.60536788305
509,0.168000000219,9.25541941325
510,0.151555556059,9.65889164607
511,0.136888889472,9.9518415451
512,0.133333334823,9.82366803487
513,0.153777777155,9.44376738866
514,0.14044444412,9.69503895442
515,0.155777776738,9.50073254903
516,0.160222223898,9.55442562103
517,0.133333332588,9.72766488393
518,0.156222221255,9.43230056763
519,0.153111111124,9.46357790629
520,0.167555555701,9.30908702215
521,0.178888891637,9.10296878815
522,0.181999999285,9.05497989655
523,0.169111111263,9.19122896194
524,0.170000000546,9.18756395976
525,0.160222223898,9.39997870127
526,0.155777778228,9.49505062103
527,0.154666668177,9.39495134354
528,0.148888891439,9.42603251139
529,0.178000000119,9.26119632721
530,0.170444443325,9.3188369751
531,0.161111111442,9.33462762833
532,0.140444443127,9.59170907338
533,0.16155555596,9.27504994075
534,0.168888890743,9.32598851522
535,0.163777776559,9.23656368256
536,0.162888889511,9.45222333272
537,0.165999999642,9.1391415596
538,0.15222222209,9.52536897659
539,0.148222223918,9.38713852564
540,0.149555554738,9.77233581543
541,0.138888889551,9.95537414551
542,0.160666667918,9.54601777395
543,0.168222223222,9.35384343465
544,0.170444446057,9.21727167765
545,0.15399999842,9.34963804881
546,0.147999999672,9.57694091797
547,0.145111110558,9.74649861654
548,0.151333334049,9.5366894722
549,0.171333334843,9.17112000783
550,0.179333332678,9.05823030472
551,0.175555556516,9.02196038564
552,0.180000001689,8.99888547262
553,0.16177777797,9.2586379687
554,0.148000000417,9.51956869761
555,0.151111111045,9.39439709981
556,0.135111110409,9.7992032369
557,0.156000001729,9.39750626882
558,0.174444442987,9.04403422674
559,0.181777776281,9.01492789586
560,0.16888888826,9.09527819951
561,0.175333332022,9.00396156311
562,0.178222220639,9.052805233
563,0.173777777453,9.04789063136
564,0.176444445054,8.91176516215
565,0.165555554132,9.14709243774
566,0.160000001391,9.30654287338
567,0.178444444637,9.07963968913
568,0.148222221186,9.67549231847
569,0.174222219984,9.14178034465
570,0.172000000874,9.21563285192
571,0.154666667059,9.38221594493
572,0.156888890763,9.33148641586
573,0.147777779649,9.44379208883
574,0.156222222497,9.32712198893
575,0.180444445709,9.07765137355
576,0.160444444915,9.27118212382
577,0.173555557181,9.09715569814
578,0.167555555701,9.09140446981
579,0.172222222884,9.14565661748
580,0.158000001311,9.60351743698
581,0.164222223063,9.2894349734
582,0.156888888776,9.34914464951
583,0.167111111184,9.20078290304
584,0.136666665971,9.84913835526
585,0.136444444458,9.74322684606
586,0.140222222855,9.52358423869
587,0.163777778049,9.35704116821
588,0.188888891041,8.95827229818
589,0.193777777751,8.7873998642
590,0.186222222199,9.02560170492
591,0.186444445699,8.96201203664
592,0.164888889094,9.21475906372
593,0.184222221375,8.99224856695
594,0.190666666627,8.88214972814
595,0.164666666587,9.27676258087
596,0.172444444398,9.10376125971
597,0.176222221057,8.96190799077
598,0.175555556019,9.06570657094
599,0.16400000155,9.226415507
600,0.166444443415,9.25539970398
601,0.165777778625,9.24360589981
602,0.187333332996,8.82078440984
603,0.184444444378,8.7990568161
604,0.176888890068,9.04721666972
605,0.183777777354,9.00950145721
606,0.181555555761,8.79510835012
607,0.206222223242,8.57307923635
608,0.215111110111,8.47707576752
609,0.211111111939,8.52995786667
610,0.185777777433,8.81458959579
611,0.197555555403,8.70840218862
612,0.206000001232,8.59764273961
613,0.208444446325,8.56792062124
614,0.188888889551,8.78374064763
615,0.198888889949,8.60371160507
616,0.179111111412,8.8358900706
617,0.202444446584,8.68432906469
618,0.191111110151,8.64566780726
619,0.176444443067,9.06054668427
620,0.193777778248,8.68414449692
621,0.193333333731,8.82815376918
622,0.196666665375,8.57580401103
623,0.196222221851,8.73105729421
624,0.197999997934,8.79224119186
625,0.181555557251,8.89733575185
626,0.202444442113,8.61952454249
627,0.201333332062,8.55904823939
628,0.200444443524,8.5514931043
629,0.187555555006,9.04785528183
630,0.18599999845,8.77734676997
631,0.180666666726,8.98175579707
632,0.187555555999,8.94421644211
633,0.191777776182,8.96761280696
634,0.179333333671,9.06388721466
635,0.177777777612,9.01930052439
636,0.202222222586,8.64865601858
637,0.214444448054,8.45804853439
638,0.211111111939,8.6252491951
639,0.187333330512,9.47510461807
640,0.185333334406,8.91933002472
641,0.218888892233,8.49088287354
642,0.21644444416,8.55188808441
643,0.219333335757,8.45869722366
644,0.211555556456,8.46737645467
645,0.216444443663,8.46906131109
646,0.174888889988,9.21032702128
647,0.185111112148,8.88560419083
648,0.156666666518,9.42991828918
649,0.191777779162,8.91340831121
650,0.191111111144,8.9575931867
651,0.209111111611,8.68061259588
652,0.199777778486,8.64422353109
653,0.203111109634,8.620500501
654,0.207333331307,8.53809515635
655,0.217777781188,8.35469338099
656,0.218222222229,8.3694152832
657,0.197111111879,9.01937952042
658,0.191777778665,8.86017993291
659,0.184888889392,8.91742668152
660,0.142888888717,9.31331303914
661,0.13599999994,9.6903198878
662,0.177555557092,9.07394857407
663,0.189111111561,8.76110521952
664,0.161555557201,9.43850148519
665,0.180000001192,9.02446365356
666,0.190666667124,8.71469942729
667,0.202000001073,8.56151456833
668,0.205333335698,8.36402606964
669,0.202444446584,8.60495529175
670,0.194444444776,8.6879181544
671,0.180222222706,9.01205485662
672,0.200222223997,8.55671784083
673,0.226222227017,8.32071129481
674,0.212888888518,8.41130145391
675,0.181111110499,9.03648255666
676,0.177333331605,9.02040535609
677,0.188888888309,8.79094324112
678,0.191555555165,8.65277258555
679,0.232888890306,8.19938163757
680,0.235111113389,8.2015200297
681,0.237111108998,8.14747247696
682,0.239333333075,8.037656943
683,0.242444444199,8.16844933828
684,0.239333336055,8.04525044759
685,0.205555556466,8.98206946055
686,0.185111110409,8.82291294734
687,0.199111110469,8.46268688838
688,0.213111110032,8.4011133194
689,0.230666671693,8.17781604131
690,0.265777779619,7.79827817281
691,0.25266666611,7.83112983704
692,0.242222221692,7.96509218216
693,0.225555556516,8.35779514313
694,0.217111114661,8.42554486593
695,0.204888887703,8.41844733556
696,0.215333335102,8.35518458684
697,0.192222220202,8.97283271154
698,0.163777777553,9.45619621277
699,0.146666666617,9.79939762751
700,0.181555555016,8.93713051478
701,0.210666668415,8.52972958883
702,0.222222221891,8.31134373347
703,0.237777774533,8.05118020376
704,0.241555557152,7.94749631882
705,0.226444443067,8.10184777578
706,0.2377777795,8.06673135757
707,0.234222220381,8.21358413696
708,0.174444444726,9.94396009445
709,0.184888887654,8.96182870865
710,0.201555557549,8.68241949081
711,0.200666667024,8.82463912964
712,0.216888888677,8.50209013621
713,0.239777775109,8.35398769379
714,0.218666666249,8.51151301066
715,0.196666665624,8.92890857061
716,0.19266666919,8.95133488973
717,0.203777777155,8.78814296722
718,0.20444444567,8.46056219737
719,0.204000000159,8.44352547328
720,0.208444445084,8.71810121536
721,0.200444448491,8.6201517423
722,0.192666667203,9.14728822708
723,0.250444445511,8.08123706182
724,0.249333333969,7.99560680389
725,0.24288888822,8.05788701375
726,0.226888890068,8.49580361048
727,0.239999999106,8.16817064285
728,0.241333331168,8.10835660299
729,0.25466666321,7.8648343722
730,0.250888887048,7.95341854095
731,0.274666664004,7.72198848724
732,0.282222222785,7.58297204971
733,0.279777782162,7.60642989477
734,0.277333331108,7.75056091944
735,0.26400000006,7.69048515956
736,0.273111110926,7.66072642008
737,0.257111112773,7.90460077922
738,0.263333333035,7.7005716006
739,0.249111113449,8.01018892924
740,0.260666666428,7.8794254303
741,0.240222221116,8.13240741094
742,0.232888887823,8.20226303736
743,0.245333331327,8.05094451904
744,0.213111113757,8.42569726308
745,0.223333332439,8.22640825907
746,0.25466666917,7.86273676554
747,0.239777779082,7.93384682337
748,0.265777776142,7.70807180405
749,0.255777776241,7.68992389043
750,0.272222219904,7.55325323741
751,0.26933333377,7.66193799973
752,0.257777775824,7.82919181188
753,0.264888891081,7.81814454397
754,0.264888891578,7.84775981903
755,0.255999998252,8.01097561518
756,0.225333332022,8.07432279587
757,0.238222222527,8.00616531372
758,0.225555558999,8.24027217229
759,0.239777774612,7.95161727269
760,0.263555552065,7.60765517553
761,0.273111109932,7.84886283875
762,0.265777777632,7.82518253326
763,0.273999998967,7.61345062256
764,0.255777780091,8.13072226842
765,0.257111112277,7.84874191284
766,0.251111111542,7.97254021962
767,0.274666665991,7.64417963028
768,0.256888887038,7.93199443817
769,0.269555554787,7.63414189021
770,0.2853333354,7.46667146683
771,0.301777780056,7.31934423447
772,0.278222224116,7.68102560043
773,0.267555552721,7.754175059
774,0.228222220515,8.66849397024
775,0.255777775248,8.00684496562
776,0.278222224116,7.60913171768
777,0.30444444567,7.34723024368
778,0.282222224772,7.43100624084
779,0.285555555423,7.4469039917
780,0.309111108383,7.32299162547
781,0.280222222706,7.633893013
782,0.27622222056,7.74172945023
783,0.267999997238,7.76436640422
784,0.28088888973,7.68593883514
785,0.267999999473,7.95785884857
786,0.274888890485,7.62898203532
787,0.278000001113,7.60559533437
788,0.3097777764,7.26057799657
789,0.297111109893,7.48012135824
790,0.252222222586,8.17500915527
791,0.268444441756,7.70257730484
792,0.24577777336,8.01178363164
793,0.235777777433,8.23385779063
794,0.240222219626,7.94598754247
795,0.251555555562,7.76124505997
796,0.271999998887,7.55670906703
797,0.238888888061,8.35424375534
798,0.227111110588,8.51213989258
799,0.256444440285,7.96009718577
800,0.26688888669,7.8794324557
801,0.265777778625,7.72931858699
802,0.2524444441,8.0176835378
803,0.275333334257,7.86045935949
804,0.294000002742,7.43602167765
805,0.306888887286,7.36675847371
806,0.28844444255,7.54736973445
807,0.305777778228,7.26761658986
808,0.279999997715,7.85502694448
809,0.264888892944,7.96371765137
810,0.315555556615,7.23924134572
811,0.325777780016,7.093699646
812,0.333999999364,6.98860088984
813,0.341111108661,7.04173266093
814,0.342666665713,6.89807364146
815,0.338444443544,7.13421430588
816,0.330222225189,7.06189851761
817,0.33355555733,6.98077363968
818,0.334888891379,7.0026061058
819,0.336666667461,7.02854312261
820,0.346888891856,6.86729075114
821,0.348444448908,6.81121826172
822,0.338666666547,7.04717540741
823,0.267999998728,8.10416545868
824,0.321777779857,7.20486313502
825,0.353333332141,6.80496457418
826,0.356000002225,6.79256410599
827,0.353777778149,6.92042188644
828,0.360222220421,6.88300867081
829,0.353555556138,6.86097342173
830,0.334444442391,6.95968650182
831,0.333111117284,6.84232997894
832,0.320888889333,7.32070000966
833,0.326444442074,7.14004780451
834,0.310222222904,7.52578032811
835,0.336666667461,7.03620535533
836,0.308222224315,7.77136675517
837,0.293777776261,7.66892811457
838,0.318888891737,7.32445319494
839,0.323111110926,7.22458902995
840,0.333777778347,7.00941117605
841,0.32822222362,7.36673069
842,0.336222222447,7.00129702886
843,0.283111110578,7.74914967219
844,0.257777774831,8.1405271848
845,0.312444447478,7.31574951808
846,0.31688888669,7.1637652715
847,0.373333332936,6.58977397283
848,0.367333330711,6.6045378685
849,0.35222221911,6.84935572942
850,0.316888887684,7.44797252019
851,0.344666664799,6.89754902522
852,0.348444443941,6.79711907705
853,0.328444446127,7.02036085129
854,0.3426666677,6.87726602554
855,0.300222223997,7.24124584198
856,0.326888892055,7.44182481766
857,0.316888891657,7.85059216817
858,0.354000002146,6.86508261363
859,0.364444446564,6.83872601191
860,0.388000005484,6.53917462031
861,0.387555557489,6.46638132731
862,0.371777776877,6.66175648371
863,0.360888889432,7.03218415578
864,0.373111110926,6.76422872543
865,0.375555557013,6.52246373494
866,0.389333333572,6.42329069773
867,0.398000001907,6.2833073616
868,0.382888887326,6.33961311976
869,0.382222223282,6.35257320404
870,0.377999997139,6.38523886998
871,0.3902222236,6.31436910629
872,0.339111110785,7.51740468343
873,0.257777776817,8.98567409515
874,0.287333333865,7.88777580261
875,0.28800000002,7.75847930908
876,0.164444444701,9.93157021205
877,0.207333331307,8.79464476903
878,0.135333332419,11.2550063133
879,0.184000000854,9.92026313146
880,0.195999996861,9.03987267812
881,0.250666667521,7.93908262253
882,0.272666666905,7.79348456065
883,0.287999999026,7.86740392049
884,0.316888890664,7.22149283091
885,0.352222221096,6.82476511002
886,0.372444442908,6.58296508789
887,0.391555555662,6.39520527522
888,0.386888891459,6.37565689087
889,0.381333331267,6.44039255778
890,0.388666663567,6.44909350077
891,0.285777778427,7.54353602727
892,0.246666664879,8.27333304087
893,0.279555554191,7.54916184743
894,0.32377777795,7.03037891388
895,0.346888886889,6.8648121198
896,0.386222223441,6.44405956268
897,0.395555553834,6.32831401825
898,0.398666665951,6.30752178828
899,0.394666665792,6.46676543554
900,0.396666669846,6.38843514125
901,0.386222219467,6.41460549037
902,0.399111113946,6.40546827316
903,0.347111111879,7.28214607239
904,0.330444443226,7.67650903066
905,0.336222218474,7.80033830007
906,0.341555557648,7.10353577932
907,0.376666667064,6.48923959732
908,0.392000001669,6.37814385096
909,0.398444441954,6.25118932724
910,0.426222221057,6.07722371419
911,0.434888889392,5.93461548487
912,0.434444445372,5.87827126185
913,0.415333332618,6.07941039403
914,0.409777774413,6.14832932154
915,0.402666670084,6.01993929545
916,0.383999999364,6.19167496363
917,0.436222221454,5.83344078064
918,0.431999997298,5.95278657277
919,0.421333332856,6.03633769353
920,0.397555553913,6.25399554571
921,0.395333331823,6.13507652283
922,0.36444444557,6.48358472188
923,0.356222218275,6.72863588333
924,0.350222225984,6.96695667903
925,0.395555557807,6.09951168696
926,0.416222220659,6.00721654892
927,0.439777779579,5.77835731506
928,0.44733333389,5.74071512222
929,0.444666665792,5.71652116776
930,0.415333330631,6.09766610463
931,0.420444444815,5.97977209091
932,0.401777780056,6.37929356893
933,0.372666668892,6.85059159597
934,0.391777779659,6.28468437195
935,0.358666668336,6.66701256434
936,0.365111110608,6.52228164673
937,0.394666667779,6.16508229574
938,0.421111112833,5.89981959661
939,0.408000000318,6.07208321889
940,0.372444442908,6.62007185618
941,0.401111113032,6.15470841726
942,0.349777774513,6.79705530802
943,0.243111109237,8.04924955368
944,0.273999998967,7.28767407735
945,0.321111112833,6.78682126999
946,0.33355555584,6.83749494553
947,0.334444444378,6.781193765
948,0.310000004123,7.24118960698
949,0.342222220699,6.75309441884
950,0.350222223004,6.59973754883
951,0.331555557251,6.83839708964
952,0.317555556695,7.24191071192
953,0.318000002702,7.26706676483
954,0.346666666865,6.82893362045
955,0.353999999166,6.78966627121
956,0.363111108541,6.55325749715
957,0.336222224434,6.65267159144
958,0.300444447994,7.19080355962
959,0.312444445491,7.44496072133
960,0.32133333087,6.95524079005
961,0.315333332618,7.20781764984
962,0.376666659117,6.43947696686
963,0.368888890247,6.59575096766
964,0.383111109336,6.3333258311
965,0.391333335638,6.19131266276
966,0.386000000437,6.30313250224
967,0.443111109734,5.87024087906
968,0.465777778625,5.61649932861
969,0.485777777433,5.51913140615
970,0.471777776877,5.54716857274
971,0.458666666349,5.60614554087
972,0.459777778387,5.53219194412
973,0.469777776798,5.54042259852
974,0.460000000397,5.71854820251
975,0.424222222964,5.95009498596
976,0.432666665316,5.82284803391
977,0.42577778101,5.82423617045
978,0.435111111403,5.77204469045
979,0.467333334684,5.49120686849
980,0.457555556297,5.43509381612
981,0.459333330393,5.47575124105
982,0.453333334128,5.65812981923
983,0.431555557251,5.88263635635
984,0.441777777672,5.85579134623
985,0.441777777672,5.61453409195
986,0.440888891617,5.77105207443
987,0.429777775208,5.69852288564
988,0.426888887088,5.93602825801
989,0.43111110727,5.78302100499
990,0.403777776162,6.37911186218
991,0.424666666985,5.69797000885
992,0.317111106962,7.73418502808
993,0.278888886919,8.39488048553
994,0.281777776281,8.74959780375
995,0.261111113926,8.56796315511
996,0.322222219904,7.49499591192
997,0.315999999642,8.00586423874
998,0.0988888887068,12.7770966848
999,0.104222221052,12.2260794322
1000,0.137777778755,10.592974027
1001,0.18777777801,8.95017134349
1002,0.206444442272,8.5996275266
1003,0.218222222229,8.30152441661
1004,0.198222224414,8.44548390706
1005,0.233333333333,7.97670694987
1006,0.270222221812,7.46653025945
1007,0.269111107786,7.3631702741
1008,0.231777778268,8.11356957753
1009,0.165555554132,9.75817645391
1010,0.216222221653,8.36333487829
1011,0.25511111021,7.805661424
1012,0.287777778258,7.44743483861
1013,0.327777776122,6.93438558578
1014,0.341555552681,6.84445781708
1015,0.37377777795,6.49350042343
1016,0.380222219229,6.41841990153
1017,0.313777778546,7.01978559494
1018,0.210666665932,8.60071957906
1019,0.291333333651,7.2790148735
1020,0.208666666597,9.0251209259
1021,0.277999999871,7.71128082275
1022,0.33577777644,7.0042605718
1023,0.368222222726,6.61095774968
1024,0.400222218037,6.37773367564
1025,0.390222222606,6.39903087616
1026,0.372222223381,6.48293151855
1027,0.392444443703,6.43490235011
1028,0.415333336592,6.24554249446
1029,0.375111114979,6.6046778361
1030,0.409111108383,6.09104633331
1031,0.448666667938,5.77211618423
1032,0.459333336353,5.75044326782
1033,0.453777775168,5.80665340424
1034,0.458666662375,5.75606562297
1035,0.471333332856,5.5838315328
1036,0.453111106157,5.690533638
1037,0.458666668336,5.63948554993
1038,0.421777776877,5.97416537603
1039,0.397777775923,6.39181232452
1040,0.397999995947,6.30494057337
1041,0.401555557549,6.16446234385
1042,0.407111112277,6.14299542109
1043,0.403555558125,6.30021549861
1044,0.402222220103,6.29325933456
1045,0.41888888677,6.00432291031
1046,0.423777776957,6.07454487483
1047,0.424444442987,5.9755888621
1048,0.421555556854,5.97371826172
1049,0.43800000151,5.73851153056
1050,0.462888886531,5.53070529302
1051,0.475777773062,5.4200905482
1052,0.447999997934,5.73096132278
1053,0.460444442431,5.57962290446
1054,0.476000001033,5.46729927063
1055,0.436444441477,5.68422638575
1056,0.450000001987,5.6675485611
1057,0.458000006278,5.49135128657
1058,0.47155555288,5.47410329183
1059,0.479555551211,5.36906569799
1060,0.491777781645,5.27530291875
1061,0.488222215573,5.22076552709
1062,0.51155556043,5.12426602046
1063,0.509555556377,5.10571215947
1064,0.468888884783,5.61178604762
1065,0.459777784348,5.45236310959
1066,0.425999999046,5.88366371791
1067,0.439777775606,5.49086615245
1068,0.453777776162,5.39582459132
1069,0.494666669766,5.15879011154
1070,0.479777773221,5.395074145
1071,0.45955555439,5.51496041616
1072,0.458222222328,5.43507734934
1073,0.446666663885,5.65352210999
1074,0.48599999547,5.27503105799
1075,0.500222220023,5.14357814789
1076,0.515777778625,5.04298585256
1077,0.515777780612,4.98197657267
1078,0.513111108541,4.97228244146
1079,0.510444442431,5.00814501444
1080,0.504444446166,4.97646624247
1081,0.49799999396,5.09717591604
1082,0.473333332936,5.47976468404
1083,0.469333334764,5.45802669525
1084,0.421111109853,6.16314789454
1085,0.453777772188,5.54186973572
1086,0.407777775327,6.0621131897
1087,0.425111109018,5.73638372421
1088,0.43111111323,5.8516260465
1089,0.442888887723,5.63546845118
1090,0.452000004053,5.62754631042
1091,0.428000001113,5.73070713679
1092,0.462222224474,5.44847590129
1093,0.428000001113,5.85672343572
1094,0.442666665713,5.68947661718
1095,0.477111109098,5.32716906865
1096,0.487111111482,5.24723876317
1097,0.509999994437,4.94787782033
1098,0.530888893207,4.90628773371
1099,0.524444442987,4.8536435763
1100,0.511111108462,4.95570529302
1101,0.499555555979,5.03767350515
1102,0.502888888121,4.96533975601
1103,0.486222219467,5.16313625971
1104,0.472444444895,5.29057547251
1105,0.463333330552,5.29800138474
1106,0.473333328962,5.28582998912
1107,0.439777775606,5.90278148651
1108,0.417555552721,5.97954308192
1109,0.45,5.58337068558
1110,0.419333331784,6.14806276957
1111,0.391111109654,6.33019250234
1112,0.428222219398,6.35769154231
1113,0.4622222205,5.55445318222
1114,0.456888882319,5.47653446198
1115,0.397777778904,6.17067117691
1116,0.393555555741,6.11584800084
1117,0.336666670442,7.3031624794
1118,0.3026666676,7.82557884852
1119,0.342222218712,6.73104553223
1120,0.33577777346,6.91720539729
1121,0.319555554787,6.84131425222
1122,0.291111111641,7.4023903211
1123,0.345999997854,6.61327098211
1124,0.398888885975,6.04745874405
1125,0.359777778387,6.37784471512
1126,0.323777779937,6.61678536733
1127,0.37644444108,6.06944023768
1128,0.460222222408,5.53888521194
1129,0.489555559556,5.29240207672
1130,0.521777772903,5.08723761241
1131,0.525777775049,5.05501184464
1132,0.519333328803,5.04702456792
1133,0.533777769407,4.89673207601
1134,0.515999990702,4.90871871312
1135,0.513777772586,4.95207602183
1136,0.508444440365,4.94366747538
1137,0.495333335797,5.09380375544
1138,0.473999994993,5.37773399353
1139,0.503333332141,5.0937628746
1140,0.52666666309,4.82606271108
1141,0.536444445451,4.74059273402
1142,0.536222221454,4.69252109528
1143,0.529111117125,4.75449883143
1144,0.538888887564,4.70370136897
1145,0.526222229004,4.81273180644
1146,0.52666666309,4.77570724487
1147,0.544000003735,4.69645687739
1148,0.53133332928,4.81591526667
1149,0.456666666269,5.66208553314
1150,0.466666666667,5.49903494517
1151,0.479111109177,5.00712804794
1152,0.514444450537,4.79676068624
1153,0.539111109575,4.69482660294
1154,0.53822222352,4.67459961573
1155,0.54088888367,4.6312713782
1156,0.483333323399,5.06776266098
1157,0.454222220182,5.41532297134
1158,0.481333333254,5.05372165044
1159,0.470222226779,5.21469659805
1160,0.485555553436,5.04180939992
1161,0.52622221907,4.72360518773
1162,0.555333340168,4.59530668259
1163,0.537777769566,4.62634108861
1164,0.501555558046,4.85227085749
1165,0.455111114184,5.31788838704
1166,0.485111105442,5.14474674861
1167,0.528222223123,4.6675236702
1168,0.550888886054,4.55260165532
1169,0.570666668812,4.52754958471
1170,0.558888888359,4.4925166448
1171,0.541333335638,4.650345246
1172,0.5328888913,4.80899747213
1173,0.527999991179,4.79502929052
1174,0.529555549224,4.69573453267
1175,0.558222228289,4.52821149826
1176,0.552888886134,4.55640656153
1177,0.573333332936,4.44165355364
1178,0.560000004371,4.54663209915
1179,0.559555546443,4.48532964389
1180,0.561333342393,4.37464299202
1181,0.44244444569,6.94872783025
1182,0.356666666021,7.87410853704
1183,0.217999998977,11.0471847852
1184,0.142888888344,12.196561559
1185,0.143777779738,11.1472982725
1186,0.20977777938,9.31348896027
1187,0.258666667839,8.49448026021
1188,0.326222223788,7.73613739014
1189,0.370222226779,7.0140200297
1190,0.393333331247,6.65791753133
1191,0.438888891538,6.20620698929
1192,0.451777776082,5.90005038579
1193,0.480444449186,5.60672076543
1194,0.493333333731,5.52430721919
1195,0.474888883034,5.52813968658
1196,0.474666666985,5.50223690669
1197,0.489555555582,5.32780100505
1198,0.500444442034,5.27007894516
1199,0.475777777036,5.4294555982
1200,0.47088889281,5.31335887909
1201,0.510222222408,5.04830166499
1202,0.508222226302,5.07641210556
1203,0.529333331188,4.92277046839
1204,0.487777773539,5.24677324295
1205,0.451333332062,5.59029404322
1206,0.493777775764,5.11653432846
1207,0.511111112436,5.00598510106
1208,0.507111108303,4.97625633876
1209,0.443777775516,6.51332025528
1210,0.481555558244,5.40050538381
1211,0.498888882001,5.07083457311
1212,0.481777775288,5.07880414327
1213,0.464666662614,5.44840688705
1214,0.454222222169,5.46179288228
1215,0.406444440285,6.2330994606
1216,0.408222223322,6.13118890127
1217,0.437777775526,5.78641068141
1218,0.42622221907,5.7978017807
1219,0.475111111005,5.28372325897
1220,0.508444444338,4.9553337733
1221,0.471555556854,5.3090722084
1222,0.437111112475,5.64582004547
1223,0.480666673183,5.23574012121
1224,0.500666668018,4.93186543783
1225,0.49577777187,5.08904368083
1226,0.482444445292,5.12767744064
1227,0.499333335956,4.89708007177
1228,0.524000004927,4.80815219879
1229,0.536000003417,4.72157576879
1230,0.549999998013,4.63881449699
1231,0.532666667302,4.65754907926
1232,0.542000009616,4.62088774045
1233,0.514222219586,5.1867348671
1234,0.489111110568,5.28594261805
1235,0.525333335002,4.84549633662
1236,0.537999993563,4.71385879517
1237,0.561777774493,4.47930065791
1238,0.557111118237,4.50522842407
1239,0.45622222287,6.05126597087
1240,0.460666670402,5.86042715708
1241,0.440888888141,6.5667274793
1242,0.527333323161,4.99075282415
1243,0.548000003894,4.69293705622
1244,0.560000002384,4.54893592199
1245,0.57177777489,4.41849749883
1246,0.557555556297,4.43968025843
1247,0.555777778228,4.66870055199
1248,0.53822222352,4.89096668561
1249,0.488444445531,5.05657191277
1250,0.513555556536,4.78195136388
1251,0.536666663488,4.74943879445
1252,0.544666663806,4.71418037415
1253,0.557777788242,4.44663912455
1254,0.571999992927,4.36216187477
1255,0.59533333381,4.22478666306
1256,0.594444441795,4.17174166044
1257,0.570666666826,4.31900941531
1258,0.56911110878,4.33079215686
1259,0.569999998808,4.25036816597
1260,0.573333324989,4.2009756724
1261,0.539333329598,4.48066307704
1262,0.51911111474,4.65448937416
1263,0.527999999126,4.49487422307
1264,0.541555559635,4.54999556541
1265,0.572444434961,4.26344408989
1266,0.560888886452,4.41540263494
1267,0.554666662216,4.30470186869
1268,0.539777773619,4.33250600497
1269,0.502000000079,4.84819787343
1270,0.516444440683,4.66305999756
1271,0.544444435835,4.39551889102
1272,0.567111116648,4.36235404015
1273,0.580444445213,4.21826922099
1274,0.585333329439,4.17306264242
1275,0.548888891935,4.46747895877
1276,0.535333329439,4.64459584554
1277,0.490888893604,5.01641799609
1278,0.498222217957,5.13840446472
1279,0.518888890743,4.70338282585
1280,0.515777774652,4.95137263934
1281,0.518666668733,4.70766641299
1282,0.529111115138,4.56440242132
1283,0.555555552244,4.36799750328
1284,0.57133333683,4.26492381096
1285,0.577777775129,4.22761468887
1286,0.577777781089,4.27822233836
1287,0.567333332698,4.37273082733
1288,0.556444438299,4.37927392324
1289,0.6044444561,4.06653331121
1290,0.583333327373,4.25608313878
1291,0.587333329519,4.07653546333
1292,0.575333335002,4.1998445034
1293,0.543777781725,4.45101653735
1294,0.560888896386,4.34484764735
1295,0.551555556059,4.47602276802
1296,0.573555554946,4.33625302315
1297,0.583777779341,4.25203936895
1298,0.610666658481,4.00079951286
1299,0.622666668892,3.94771596591
1300,0.596888891856,4.21338265737
1301,0.610222224394,4.00317285856
1302,0.585333339373,4.030073452
1303,0.580666665236,4.11726783117
1304,0.608000004292,3.98634484609
1305,0.584444445372,4.10865632693
1306,0.451999999272,6.9904191335
1307,0.446222221355,6.40715945562
1308,0.442222221196,5.95434538523
1309,0.483111107349,5.1332250913
1310,0.488666669528,5.11036667824
1311,0.407777776569,7.3502392451
1312,0.389999998113,6.77037353516
1313,0.428444438179,5.90860074361
1314,0.475555557013,5.38880780538
1315,0.531777781248,4.7526670138
1316,0.5671111087,4.4949631532
1317,0.564000002543,4.35561520259
1318,0.551777774096,4.3955608209
1319,0.492000001669,4.77383260727
1320,0.457777772347,5.32098112106
1321,0.509777772427,4.83081208865
1322,0.528666667144,4.61741724014
1323,0.55733332634,4.37838195165
1324,0.53599999547,4.48616172473
1325,0.499999992053,4.83186632792
1326,0.531333331267,4.655448246
1327,0.552888890107,4.45321556727
1328,0.503333330154,5.37201128006
1329,0.524222222964,4.7770969073
1330,0.560666666428,4.32171694438
1331,0.55288888216,4.3208466212
1332,0.557999998331,4.44049812953
1333,0.553111100197,4.58307204247
1334,0.547999999921,4.56477621396
1335,0.531777777274,4.67071595192
1336,0.531555557251,4.58918037415
1337,0.554444442193,4.32869623502
1338,0.555999996265,4.44388701121
1339,0.51244443655,5.28636280696
1340,0.513777777553,5.40739386876
1341,0.561555552483,4.43506293297
1342,0.574444442987,4.2787724336
1343,0.601777776082,4.04758559863
1344,0.607111108303,4.04014393489
1345,0.598666663965,4.0172337532
1346,0.610888894399,4.03112370173
1347,0.602444442113,4.04546848933
1348,0.608888882399,4.05287051201
1349,0.636222219467,3.82430116336
1350,0.600888884068,3.97849062284
1351,0.603999996185,4.00911916097
1352,0.614666670561,3.85840697289
1353,0.613111110528,3.87304449081
1354,0.583555547396,4.18085508347
1355,0.605333332221,3.90884952545
1356,0.624888892968,3.83138697942
1357,0.614000000556,3.91296308835
1358,0.579555551211,4.10052371025
1359,0.565777778625,4.20876787504
1360,0.553111108144,4.31042011579
1361,0.520444444815,4.6253417333
1362,0.489999999603,5.10270433426
1363,0.477999995152,5.17702654203
1364,0.454888892174,5.71072441737
1365,0.507555552324,4.99987548192
1366,0.544888891776,4.44536418915
1367,0.554222224156,4.67834049861
1368,0.578666665157,4.20438446999
1369,0.566222220659,4.59864940643
1370,0.519777774066,5.25622725487
1371,0.529333335161,5.18410304387
1372,0.331333336234,9.28546892802
1373,0.374666660527,6.8887017568
1374,0.473777778943,5.37308228811
1375,0.449999998013,5.87106266022
1376,0.402444437643,6.89945672353
1377,0.309111109376,8.2235306104
1378,0.31044444417,8.80400657654
1379,0.400444444517,6.97948064804
1380,0.433333339294,6.11081320445
1381,0.50733333528,5.13658307393
1382,0.558444438378,4.73499801954
1383,0.590888885657,4.3859348774
1384,0.595999993881,4.27673370043
1385,0.620444442828,4.12920916875
1386,0.64488889575,3.94355804125
1387,0.647111107906,3.84944761594
1388,0.647111103932,3.82175958951
1389,0.626000005007,3.85915867488
1390,0.599333331982,4.06074468295
1391,0.567999988794,4.58127381007
1392,0.525333333015,4.74859372775
1393,0.53866666158,4.50214947065
1394,0.557111112277,4.25080162684
1395,0.592222215732,4.1573902607
1396,0.581111119191,4.18539015452
1397,0.617333336671,3.84350627263
1398,0.599111105998,4.04742717743
1399,0.598222217957,4.17093958855
1400,0.608444440365,4.04987939199
1401,0.623333332936,3.9314400355
1402,0.636444439491,3.73526611328
1403,0.651999994119,3.67315266927
1404,0.634222217401,3.77467908859
1405,0.652444450061,3.65196611087
1406,0.637999999523,3.7703892231
1407,0.629555547237,3.84831252098
1408,0.616888888677,3.99899271329
1409,0.639999993642,3.84564922651
1410,0.605555554231,4.09051521619
1411,0.61688888669,3.8704170386
1412,0.629555555185,3.7716644605
1413,0.608666674296,3.8067454656
1414,0.65,3.59498159091
1415,0.666000004609,3.50932782491
1416,0.647111109893,3.6246029377
1417,0.663555550575,3.56279274623
1418,0.640888893604,3.57301184336
1419,0.649777781963,3.55080297788
1420,0.657333330313,3.51268747648
1421,0.645333337784,3.57524930636
1422,0.628000005086,3.69909146627
1423,0.618888898691,3.87655258179
1424,0.586222227414,4.03632586797
1425,0.591777777672,3.97933344841
1426,0.611111114422,3.87529937426
1427,0.595777779818,3.98619704247
1428,0.579777777195,4.12310048739
1429,0.564444448551,4.46925363541
1430,0.549999998013,4.30145192146
1431,0.499333329995,5.04665923119
1432,0.521777784824,4.93939169248
1433,0.516000002623,4.87197888692
1434,0.543999997775,4.41371855736
1435,0.590888885657,4.12207139333
1436,0.619555554787,3.83476756414
1437,0.630222217242,3.75718547503
1438,0.613999994596,3.76043395996
1439,0.620666670799,3.72945866585
1440,0.557333334287,4.36474011739
1441,0.581333335241,4.1325296402
1442,0.54288888971,4.52685934703
1443,0.527777783076,4.63112991651
1444,0.513111110528,4.66884991328
1445,0.568222224712,4.12116645177
1446,0.601555554072,4.0648021698
1447,0.610888890425,4.10379130046
1448,0.623333334923,3.76623344421
1449,0.647111105919,3.62713646889
1450,0.593999993801,3.89195591609
1451,0.587777777513,3.99335843722
1452,0.641777777672,3.71123154958
1453,0.623777770996,3.78951142629
1454,0.633999999364,3.7304617246
1455,0.636222221454,3.66581726074
1456,0.625111109018,3.69068134626
1457,0.6146666646,3.72701837222
1458,0.603111108144,3.76795476278
1459,0.577111117045,3.9217540741
1460,0.629777777195,3.70291530291
1461,0.6548888882,3.50843075116
1462,0.64555555582,3.52866147359
1463,0.629999995232,3.5256175677
1464,0.639777783553,3.59020493825
1465,0.625333325068,3.73693914413
1466,0.645111115774,3.61535836856
1467,0.650666662057,3.52754438718
1468,0.624444444974,3.64396832784
1469,0.628444445133,3.58856116931
1470,0.65,3.6267669042
1471,0.648222219944,3.52127302488
1472,0.646666669846,3.53315436045
1473,0.595555551847,3.82961324056
1474,0.589999997616,4.05931051572
1475,0.585333327452,3.96485091845
1476,0.581999993324,3.94434685707
1477,0.6,3.80760291417
1478,0.60022222201,3.879002889
1479,0.636444445451,3.57610530853
1480,0.636222223441,3.58855571747
1481,0.670888884862,3.37912298838
1482,0.664444434643,3.41245376269
1483,0.663777780533,3.35499547323
1484,0.648222223918,3.56925562223
1485,0.651111110051,3.61775549253
1486,0.653777782122,3.67367094358
1487,0.655333332221,3.57550231616
1488,0.640888889631,3.58465080261
1489,0.625999995073,3.66004896164
1490,0.639333333572,3.5731956164
1491,0.628888891141,3.64613773028
1492,0.635777771473,3.55139497121
1493,0.608666662375,3.80840125084
1494,0.57222221295,4.34801767667
1495,0.601999994119,3.84449912707
1496,0.601555548112,3.80505166054
1497,0.557777778308,4.40770827929
1498,0.548222217957,4.54356686274
1499,0.368666659668,7.8363978227
1500,0.351999999086,7.23497886658
1501,0.321777776877,7.94766413371
1502,0.268888888508,9.14881013234
1503,0.337111108502,7.43126207987
1504,0.405777780215,6.06477514903
1505,0.443333335718,5.58157294591
1506,0.498222225904,5.04983870188
1507,0.574666676919,4.50622816086
1508,0.567999994755,4.38903098106
1509,0.584666671356,4.32124244372
1510,0.62088889281,3.99790538152
1511,0.612444442511,3.96227869987
1512,0.634444439411,3.83516729673
1513,0.631777777274,3.82523037593
1514,0.610666676362,4.20648320516
1515,0.617999993016,4.61890298525
1516,0.556444443266,4.82503800392
1517,0.481111105283,5.44612862269
1518,0.514444446564,4.86404101054
1519,0.475555555647,5.78888003031
1520,0.442666665713,6.2043545723
1521,0.409111107637,6.92158805529
1522,0.458888889352,6.12125813166
1523,0.549333335956,4.62639211019
1524,0.563777778546,4.38015273412
1525,0.590444447597,4.16545335452
1526,0.572000000874,4.21525052389
1527,0.614888884624,3.91530502637
1528,0.636222223441,3.810592556
1529,0.656888890266,3.67399727503
1530,0.609333330393,3.86791497866
1531,0.517333330711,4.92395234108
1532,0.361333330472,7.42617797852
1533,0.368000000715,7.20483535131
1534,0.348888890942,7.81977217992
1535,0.424666666985,5.96001145045
1536,0.48066666921,5.11728445689
1537,0.540444443623,4.73343833288
1538,0.501333330075,4.74319505692
1539,0.556222222249,4.55563937823
1540,0.577111115058,4.27518463135
1541,0.584000001351,4.22960664431
1542,0.616666672627,4.02078113556
1543,0.635777783394,3.95206942558
1544,0.630444445213,3.85358966192
1545,0.647111113866,3.7514128685
1546,0.653333334128,3.70859375
1547,0.661111116409,3.60698157946
1548,0.660222220421,3.6695022583
1549,0.664666668574,3.5742500941
1550,0.661111104488,3.57634325027
1551,0.663333332539,3.56396183968
1552,0.656888898214,3.63280800184
1553,0.667111106714,3.58394128482
1554,0.634888887405,3.89626660347
1555,0.622444442908,3.73868862788
1556,0.651111106078,3.54418851535
1557,0.65955555439,3.51524853706
1558,0.694000001748,3.33679714203
1559,0.642222225666,3.6610241731
1560,0.64488888979,3.7142572244
1561,0.679111111164,3.45599501928
1562,0.666444444656,3.36978265444
1563,0.687555551529,3.33454168638
1564,0.66666667064,3.48420416514
1565,0.667777776718,3.47258423169
1566,0.662666670481,3.52613339424
1567,0.66222221454,3.57326704661
1568,0.59488888979,4.51613068581
1569,0.52422221452,5.36443595886
1570,0.408444444338,7.50395010312
1571,0.357111115133,8.95385049184
1572,0.339333333572,8.42230615616
1573,0.350222224991,7.76931236585
1574,0.261333337426,9.32029107412
1575,0.370444446802,6.81266466777
1576,0.385111106435,6.90364046097
1577,0.25844444409,9.47035175959
1578,0.171111112585,10.1550291697
1579,0.201555557052,10.0696732521
1580,0.205999999493,9.37620484034
1581,0.279999999454,8.07249135971
1582,0.338888886571,6.94583991369
1583,0.28111111025,8.95292021434
1584,0.132888889064,13.0242679596
1585,0.160888888811,10.6983295123
1586,0.247333335876,8.74606062571
1587,0.184000002841,10.1744518598
1588,0.195777778327,9.15624949137
1589,0.219777778784,8.93340702057
1590,0.21866666923,8.6641635259
1591,0.273777773976,7.64055592219
1592,0.308000003298,7.25171833038
1593,0.372000000874,6.52950270971
1594,0.410000000397,6.27479867935
1595,0.439333330592,5.8779454867
1596,0.445999999841,5.79888547262
1597,0.36911110878,6.30362850825
1598,0.327333330611,7.26155227025
1599,0.32844444414,6.5760114034
1600,0.438666669528,5.77816184362
1601,0.529555553198,5.0939880689
1602,0.544888875882,4.91954844793
1603,0.572444438934,4.73102636337
1604,0.599777776003,4.54174186389
1605,0.59755556186,4.44094045957
1606,0.522444439928,5.00636733373
1607,0.383777779341,6.398655955
1608,0.518222226699,4.8950214386
1609,0.596888887882,4.41243653297
1610,0.630888887246,4.17955228488
1611,0.631999997298,4.12884987195
1612,0.656444442272,3.99612458547
1613,0.685777783394,3.80412869453
1614,0.666444444656,3.83436430295
1615,0.674666666985,3.77292865117
1616,0.661111112436,3.7536272049
1617,0.63599999547,3.95666871071
1618,0.631111109257,4.0065360864
1619,0.652444442113,3.82018292745
1620,0.670666662852,3.75753356616
1621,0.680444443226,3.62225678762
1622,0.685111117363,3.5249874115
1623,0.708444440365,3.4305861791
1624,0.685999997457,3.50248621305
1625,0.672444446882,3.50049263636
1626,0.642888895671,3.92019014359
1627,0.632222227256,3.89921530088
1628,0.626666661104,3.8849237601
1629,0.658000002305,3.64528365135
1630,0.567555556695,4.64797968864
1631,0.441777776678,6.24840641022
1632,0.48311111033,5.78481105169
1633,0.522888884942,5.23549032211
1634,0.54333333075,4.75768783887
1635,0.557777776321,4.68297012647
1636,0.555777782202,4.5718717734
1637,0.593555555741,4.25826535225
1638,0.612666666508,3.9919148763
1639,0.641555555662,3.82644775709
1640,0.638222221533,3.88792384466
1641,0.65444444418,3.73089783986
1642,0.647333335876,3.69815273285
1643,0.65955555439,3.60744539897
1644,0.661111106475,3.59023892085
1645,0.663999998569,3.52301541964
1646,0.657777778308,3.61051255862
1647,0.461111116409,6.09783644676
1648,0.44488888979,5.92792072296
1649,0.428888891141,5.96491025289
1650,0.471555556854,5.44694552422
1651,0.487777780493,5.32505957286
1652,0.546000005802,4.6615653038
1653,0.566888884703,4.4722632726
1654,0.564000000556,4.58101965586
1655,0.599111105998,4.33628541629
1656,0.588666669528,4.15145208041
1657,0.644444449743,3.89361688296
1658,0.634444439411,3.84427754084
1659,0.63311111331,3.83012997309
1660,0.66844445467,3.64174307187
1661,0.686666667461,3.51143104235
1662,0.667999998728,3.56316560109
1663,0.686666667461,3.52475539843
1664,0.695333341757,3.41653342247
1665,0.691777769725,3.41842714945
1666,0.675777777036,3.49067996343
1667,0.64066666762,3.8038175265
1668,0.658888892333,3.57234284083
1669,0.646888887882,3.68816757202
1670,0.670888884862,3.50397232374
1671,0.694888881842,3.27771426837
1672,0.66444444259,3.47759237289
1673,0.679333333174,3.33611551921
1674,0.656222232183,3.55267972946
1675,0.668000006676,3.48791659673
1676,0.655777772268,3.44476811091
1677,0.649333326022,3.49623347918
1678,0.66177778244,3.45303044319
1679,0.664888894558,3.51987312635
1680,0.668666668733,3.66175473531
1681,0.673333334923,3.3966995875
1682,0.681555561225,3.30128479004
1683,0.708222218355,3.13550683657
1684,0.682666667302,3.3920820872
1685,0.710666664441,3.16232213974
1686,0.702222224077,3.1370036761
1687,0.677555561066,3.43256340027
1688,0.531999997298,4.9597679774
1689,0.503999996185,5.5249525706
1690,0.469999998808,5.93139266968
1691,0.543333329757,4.74213438034
1692,0.60688889424,3.92721284231
1693,0.629111115138,3.80295794805
1694,0.63555555741,3.65440311432
1695,0.681333327293,3.37818989754
1696,0.701999998093,3.27763557434
1697,0.689111103614,3.34506449699
1698,0.622666666905,3.77180956205
1699,0.576666665077,4.13602309227
1700,0.626222221057,3.8780875206
1701,0.613555556536,4.33899000486
1702,0.593333333731,4.102546676
1703,0.630888887246,3.68799384435
1704,0.656222220262,3.48760158221
1705,0.66422222058,3.4398695151
1706,0.697111105919,3.26121269862
1707,0.66866667072,3.45943080584
1708,0.640666669607,3.75672955513
1709,0.597111113866,3.94820779165
1710,0.513111104568,5.08374597232
1711,0.537111105522,4.80154940287
1712,0.541777769725,4.71061361631
1713,0.52400000294,4.75979015032
1714,0.501777778069,5.27803654671
1715,0.505333336194,5.0647553285
1716,0.515777771672,5.51487336159
1717,0.548888887962,4.67751568158
1718,0.56377778252,4.62072447141
1719,0.544666661819,4.56780846914
1720,0.550222223997,4.48259766897
1721,0.577777775129,4.1791554292
1722,0.607777768373,3.90592009226
1723,0.637555555503,3.67965106964
1724,0.683555559317,3.45795505842
1725,0.699333333969,3.32940389315
1726,0.655333332221,3.60256544749
1727,0.66888888677,3.52636036873
1728,0.649111104012,3.53911045392
1729,0.661999996503,3.53754585584
1730,0.698666667938,3.26149614652
1731,0.722666668892,3.12120240529
1732,0.729111103217,3.01332696279
1733,0.70022221605,3.23637700081
1734,0.642222225666,3.52475382487
1735,0.648666667938,3.67009326617
1736,0.672444442908,3.45200511614
1737,0.698888885975,3.10810869535
1738,0.71133333842,3.01975634893
1739,0.703777778149,3.09820305506
1740,0.661555548509,3.3960401694
1741,0.663333336512,3.44753915469
1742,0.674444444974,3.30151441892
1743,0.701333340009,3.08726900419
1744,0.734222221375,2.84207510948
1745,0.694222223759,3.04766980807
1746,0.697999997934,3.0519791921
1747,0.700888888041,3.10704021454
1748,0.714444446564,2.99305876096
1749,0.695111103853,3.04278910955
1750,0.703999996185,3.08728604317
1751,0.67600000302,3.32906745275
1752,0.687555555503,3.04952940941
1753,0.716888888677,2.84305787086
1754,0.737777777513,2.74481805166
1755,0.760888890425,2.68376274109
1756,0.725777777036,2.83602215449
1757,0.707999992371,2.98685385386
1758,0.708000004292,2.94736906687
1759,0.702888890107,2.98901931445
1760,0.687777781487,3.03912463188
1761,0.691111115615,3.1569217205
1762,0.678888889154,3.17663046519
1763,0.719777770837,2.90483271281
1764,0.707999996344,2.97211443583
1765,0.702666664124,3.03866127332
1766,0.685111109416,3.06694703102
1767,0.730444435279,2.9652036349
1768,0.711111112436,2.95388015111
1769,0.697777775923,3.18469893138
1770,0.718222214778,2.90178848902
1771,0.693999997775,3.16343661944
1772,0.677555557092,3.12439217567
1773,0.681555557251,3.13606333733
1774,0.716000004609,2.85595919291
1775,0.713333332539,2.92613704999
1776,0.670000008742,3.15187891324
1777,0.629333325227,3.6396730264
1778,0.644222219785,3.60490640004
1779,0.663111114502,3.54958751996
1780,0.693111109734,3.11326057116
1781,0.736444437504,2.82976752917
1782,0.712888884544,2.93251129786
1783,0.686666667461,2.93660124143
1784,0.710888894399,2.92236153285
1785,0.705555554231,2.96263958613
1786,0.73088889122,2.76778620084
1787,0.743111113707,2.80880942345
1788,0.743999993801,2.62556420962
1789,0.7451111118,2.68642497063
1790,0.769777786732,2.49816433589
1791,0.779999995232,2.49015781085
1792,0.770222226779,2.51530179977
1793,0.743999997775,2.61822670301
1794,0.724666670958,2.72400743167
1795,0.689777771632,2.97036000888
1796,0.692444447676,2.97816381454
1797,0.668444442749,3.44073262215
1798,0.600444440047,4.33271152178
1799,0.54755555888,5.38162519137
1800,0.290666663647,10.0526271184
1801,0.238888891538,10.5949361801
1802,0.173333332936,12.9142280579
1803,0.234888885915,9.94981390635
1804,0.312888894478,7.56905784607
1805,0.301777783036,7.9134988149
1806,0.339777778586,7.41631159782
1807,0.347111118833,7.04590613047
1808,0.40933333238,6.30180781682
1809,0.43066666921,5.9055524985
1810,0.483333339294,5.3120888869
1811,0.512666666508,5.10209215482
1812,0.525999999046,4.89232061704
1813,0.539777773619,4.84071246783
1814,0.524888892968,4.93738849958
1815,0.543777781725,4.657163016
1816,0.606000000238,4.23866799672
1817,0.61644444267,4.06739166578
1818,0.605777782202,4.18210179011
1819,0.570444442828,4.91413583755
1820,0.545111109813,4.7100578626
1821,0.474222224951,5.37418767611
1822,0.402666668097,6.78023532232
1823,0.353111108144,7.06753562291
1824,0.370444444815,6.51888278325
1825,0.42622221907,5.88030595779
1826,0.451111110051,5.64211893082
1827,0.519555551807,5.0516397953
1828,0.54311111172,4.6690647761
1829,0.548222225904,4.60572630564
1830,0.601333338022,4.11497220993
1831,0.596222221851,4.14288271268
1832,0.588666677475,4.20815037092
1833,0.639777775606,3.85209255219
1834,0.648444443941,3.75769632657
1835,0.662666674455,3.59521886508
1836,0.71444444259,3.39885864258
1837,0.705111118158,3.36712142626
1838,0.701333336035,3.33056785266
1839,0.668222228686,3.47884491285
1840,0.669999988874,3.50146218936
1841,0.645777769883,3.63022538821
1842,0.655333332221,3.6727862517
1843,0.649555548032,3.68229476611
1844,0.688444443544,3.34976092974
1845,0.739555557569,3.0293261687
1846,0.752222224077,2.93287585576
1847,0.713111114502,3.04629149437
1848,0.717777776718,3.09031429291
1849,0.722888886929,3.00602644285
1850,0.718666664759,3.11993122101
1851,0.715111112595,3.06661203702
1852,0.646888887882,3.69546383222
1853,0.669111116727,3.44851694107
1854,0.715777774652,2.99579755465
1855,0.735333331426,2.96309065819
1856,0.729555559158,2.8841026624
1857,0.736222215494,2.93401260376
1858,0.733111111323,2.91120169957
1859,0.73555555741,2.79967516263
1860,0.716444440683,3.04323205948
1861,0.679333329201,3.4321000576
1862,0.693555557728,3.28155473073
1863,0.605777781208,4.16856414477
1864,0.670000000795,3.42895380656
1865,0.647333335876,3.65143472354
1866,0.528222223123,5.25178666115
1867,0.51688888073,5.26730416616
1868,0.580000001192,4.5585550944
1869,0.554888892174,4.59481110573
1870,0.440000001093,6.603789107
1871,0.464666670561,5.98607166608
1872,0.509555555383,5.45029222171
1873,0.547777773937,4.70573280652
1874,0.604444442193,4.15499658585
1875,0.655777776241,3.77684264183
1876,0.650222225984,3.70879402161
1877,0.696444451809,3.36968267759
1878,0.693111113707,3.35444258054
1879,0.718444446723,3.20436927478
1880,0.72866666317,3.09881412188
1881,0.695777777831,3.34640849431
1882,0.680666663249,3.48419184685
1883,0.65933333238,3.76025247574
1884,0.62133333087,4.14561047554
1885,0.648888885975,3.89634912809
1886,0.62911110719,3.85493865013
1887,0.681333337228,3.42477924029
1888,0.748000005881,2.96574056943
1889,0.771111106873,2.83644941648
1890,0.783555559317,2.72164154053
1891,0.789777771632,2.65298803647
1892,0.778444445133,2.64300600688
1893,0.756888886293,2.75733043353
1894,0.693555553754,3.12569796244
1895,0.602666662137,4.13634384473
1896,0.549999992053,4.92036719322
1897,0.596666661898,4.30292785962
1898,0.624666661024,3.98860677083
1899,0.641333343585,3.68080000877
1900,0.648222223918,3.46617954572
1901,0.638888889551,3.55035657883
1902,0.65733332634,3.37916735013
1903,0.673999998967,3.24441169103
1904,0.706222224236,3.11476718585
1905,0.692444443703,3.16745918592
1906,0.722444446882,3.01760236422
1907,0.723111112912,2.9440744559
1908,0.751777776082,2.78194138209
1909,0.72600000302,2.95085314115
1910,0.725555560986,2.88148760796
1911,0.689111115535,3.18088674545
1912,0.678444449107,3.17839078903
1913,0.700000003974,3.16479136149
1914,0.741777773698,2.76542158127
1915,0.746888883909,2.69568061829
1916,0.743555557728,2.71140232086
1917,0.7048888882,2.98281499545
1918,0.709555558364,2.9197961092
1919,0.719777774811,2.93302545547
1920,0.7073333323,3.17703572909
1921,0.699333333969,3.0698884805
1922,0.75,2.6953693072
1923,0.748666667938,2.71856145859
1924,0.767333336671,2.55156200727
1925,0.782222223282,2.45622436206
1926,0.754666670163,2.57304333846
1927,0.739555549622,2.65772525469
1928,0.751111110051,2.710273393
1929,0.717111114661,2.8773375988
1930,0.705777776241,3.07981599172
1931,0.713111102581,2.93714140256
1932,0.72866666317,2.87877441247
1933,0.747333327929,2.79631838799
1934,0.733111111323,2.9516008536
1935,0.699555559953,3.28069171906
1936,0.699111104012,3.00132810275
1937,0.67422221899,3.3089597702
1938,0.727333331108,2.90604977608
1939,0.71444444259,2.88061062495
1940,0.760444446405,2.60965345701
1941,0.744444447756,2.67741034826
1942,0.732222215335,2.73345804214
1943,0.715555554628,2.8768433253
1944,0.700000003974,3.10143783887
1945,0.767555556695,2.5180882136
1946,0.765111112595,2.49844787916
1947,0.71422222058,2.96524806817
1948,0.697777779897,3.06885027885
1949,0.710888890425,2.90325029691
1950,0.730666665236,2.78228303591
1951,0.72088889281,2.71790318489
1952,0.750666666031,2.5844350338
1953,0.763555558523,2.5076180776
1954,0.712000000477,2.80192526976
1955,0.749333333969,2.60843485991
1956,0.754000004133,2.60108251572
1957,0.734888891379,2.59335370064
1958,0.699777776003,3.26597099304
1959,0.673111124833,3.39033559163
1960,0.685555555423,3.29775768916
1961,0.657777782281,3.42307713826
1962,0.703777778149,2.98866534233
1963,0.728666659196,2.84855206807
1964,0.750666662057,2.70153594017
1965,0.77577778101,2.45769131184
1966,0.773333334923,2.48967694441
1967,0.768222220739,2.48212188085
1968,0.753333330154,2.59320218563
1969,0.722888890902,2.71658687592
1970,0.731555553277,2.7534368515
1971,0.732666671276,2.69351687431
1972,0.737111111482,2.68715809186
1973,0.760000014305,2.55953072707
1974,0.709555562337,2.75441508293
1975,0.722222228845,2.86870355606
1976,0.725555555026,2.84072850545
1977,0.741333325704,2.61069997152
1978,0.758666658401,2.47374715805
1979,0.793555557728,2.25559573968
1980,0.779555559158,2.23565796216
1981,0.787777777513,2.22131720384
1982,0.794000005722,2.23534249465
1983,0.775333333015,2.38264087041
1984,0.812222222487,2.10645441214
1985,0.772666664918,2.3280207475
1986,0.759333336353,2.51491308212
1987,0.77888888518,2.25739867687
1988,0.780444443226,2.28437550863
1989,0.774888888995,2.32538479964
1990,0.775333325068,2.26677821477
1991,0.755777788162,2.41507487297
1992,0.77155554692,2.37214845022
1993,0.773777767022,2.30381304423
1994,0.790222215652,2.27927277883
1995,0.791333325704,2.17393162251
1996,0.79244445165,2.15608406862
1997,0.798888889949,2.16062895457
1998,0.744222219785,2.68459297021
1999,0.724444448948,2.67883636157
